{
  "classical": {
    "Naive Bayes": {
      "training": {
        "accuracy": 0.8582444555466255,
        "report": {
          "Negative": {
            "precision": 0.8134358559287738,
            "recall": 0.9408460593294716,
            "f1-score": 0.8725141756423126,
            "support": 17091.0
          },
          "Neutral": {
            "precision": 0.9467360454115421,
            "recall": 0.7306512850467289,
            "f1-score": 0.824775405917745,
            "support": 13696.0
          },
          "Positive": {
            "precision": 0.8550863112300147,
            "recall": 0.8802622950819672,
            "f1-score": 0.8674916798604155,
            "support": 15250.0
          },
          "accuracy": 0.8582444555466255,
          "macro avg": {
            "precision": 0.8717527375234435,
            "recall": 0.8505865464860559,
            "f1-score": 0.8549270871401576,
            "support": 46037.0
          },
          "weighted avg": {
            "precision": 0.8668895744269365,
            "recall": 0.8582444555466255,
            "f1-score": 0.8566481711063608,
            "support": 46037.0
          }
        }
      },
      "validation": {
        "accuracy": 0.6232059484696524,
        "report": {
          "Negative": {
            "precision": 0.6167664670658682,
            "recall": 0.7980856882406563,
            "f1-score": 0.6958076693820783,
            "support": 2194.0
          },
          "Neutral": {
            "precision": 0.6330376940133038,
            "recall": 0.34902200488997553,
            "f1-score": 0.4499605988967691,
            "support": 1636.0
          },
          "Positive": {
            "precision": 0.6278158667972575,
            "recall": 0.6564260112647209,
            "f1-score": 0.64180225281602,
            "support": 1953.0
          },
          "accuracy": 0.6232059484696524,
          "macro avg": {
            "precision": 0.6258733426254764,
            "recall": 0.6011779014651176,
            "f1-score": 0.5958568403649558,
            "support": 5783.0
          },
          "weighted avg": {
            "precision": 0.625101103925873,
            "recall": 0.6232059484696524,
            "f1-score": 0.6080196033493137,
            "support": 5783.0
          }
        }
      },
      "test": {
        "accuracy": 0.5939888811674774,
        "report": {
          "Negative": {
            "precision": 0.567751161959242,
            "recall": 0.8093781855249745,
            "f1-score": 0.6673670939272957,
            "support": 1962.0
          },
          "Neutral": {
            "precision": 0.6232323232323232,
            "recall": 0.3344173441734417,
            "f1-score": 0.43527336860670196,
            "support": 1845.0
          },
          "Positive": {
            "precision": 0.6165566277298121,
            "recall": 0.6228835300153925,
            "f1-score": 0.6197039305768249,
            "support": 1949.0
          },
          "accuracy": 0.5939888811674774,
          "macro avg": {
            "precision": 0.6025133709737925,
            "recall": 0.5888930199046029,
            "f1-score": 0.5741147977036075,
            "support": 5756.0
          },
          "weighted avg": {
            "precision": 0.6020605079174901,
            "recall": 0.5939888811674774,
            "f1-score": 0.5768340104341472,
            "support": 5756.0
          }
        }
      }
    },
    "Logistic Regression": {
      "training": {
        "accuracy": 0.9069444142754741,
        "report": {
          "Negative": {
            "precision": 0.9072347726622819,
            "recall": 0.9281493183546896,
            "f1-score": 0.917572882924572,
            "support": 17091.0
          },
          "Neutral": {
            "precision": 0.9136925058725468,
            "recall": 0.8804030373831776,
            "f1-score": 0.8967389283456662,
            "support": 13696.0
          },
          "Positive": {
            "precision": 0.9008140670791274,
            "recall": 0.907016393442623,
            "f1-score": 0.9039045907531449,
            "support": 15250.0
          },
          "accuracy": 0.9069444142754741,
          "macro avg": {
            "precision": 0.907247115204652,
            "recall": 0.9051895830601634,
            "f1-score": 0.9060721340077943,
            "support": 46037.0
          },
          "weighted avg": {
            "precision": 0.9070290545204543,
            "recall": 0.9069444142754741,
            "f1-score": 0.9068470906807907,
            "support": 46037.0
          }
        }
      },
      "validation": {
        "accuracy": 0.631851979941207,
        "report": {
          "Negative": {
            "precision": 0.6693011647254575,
            "recall": 0.7333637192342753,
            "f1-score": 0.6998695084819486,
            "support": 2194.0
          },
          "Neutral": {
            "precision": 0.5371389270976616,
            "recall": 0.4773838630806846,
            "f1-score": 0.5055016181229773,
            "support": 1636.0
          },
          "Positive": {
            "precision": 0.6566233766233767,
            "recall": 0.6472094214029698,
            "f1-score": 0.6518824136152656,
            "support": 1953.0
          },
          "accuracy": 0.631851979941207,
          "macro avg": {
            "precision": 0.6210211561488319,
            "recall": 0.6193190012393098,
            "f1-score": 0.6190845134067305,
            "support": 5783.0
          },
          "weighted avg": {
            "precision": 0.6276312458386448,
            "recall": 0.631851979941207,
            "f1-score": 0.6286772786873941,
            "support": 5783.0
          }
        }
      },
      "test": {
        "accuracy": 0.6108408617095205,
        "report": {
          "Negative": {
            "precision": 0.6206739526411658,
            "recall": 0.6946992864424058,
            "f1-score": 0.6556036556036556,
            "support": 1962.0
          },
          "Neutral": {
            "precision": 0.544954128440367,
            "recall": 0.48292682926829267,
            "f1-score": 0.5120689655172413,
            "support": 1845.0
          },
          "Positive": {
            "precision": 0.6555844155844156,
            "recall": 0.6475115443817342,
            "f1-score": 0.6515229736706247,
            "support": 1949.0
          },
          "accuracy": 0.6108408617095205,
          "macro avg": {
            "precision": 0.6070708322219828,
            "recall": 0.6083792200308108,
            "f1-score": 0.6063985315971739,
            "support": 5756.0
          },
          "weighted avg": {
            "precision": 0.6082238860369129,
            "recall": 0.6108408617095205,
            "f1-score": 0.6082140183039837,
            "support": 5756.0
          }
        }
      }
    },
    "Linear SVM": {
      "training": {
        "accuracy": 0.9594456632708473,
        "report": {
          "Negative": {
            "precision": 0.9496596304559236,
            "recall": 0.9713299397343631,
            "f1-score": 0.9603725558255235,
            "support": 17091.0
          },
          "Neutral": {
            "precision": 0.9801800438762387,
            "recall": 0.9460426401869159,
            "f1-score": 0.9628088426527959,
            "support": 13696.0
          },
          "Positive": {
            "precision": 0.9527286953119906,
            "recall": 0.9581639344262295,
            "f1-score": 0.9554385850197796,
            "support": 15250.0
          },
          "accuracy": 0.9594456632708473,
          "macro avg": {
            "precision": 0.9608561232147177,
            "recall": 0.9585121714491694,
            "f1-score": 0.9595399944993663,
            "support": 46037.0
          },
          "weighted avg": {
            "precision": 0.959756092459522,
            "recall": 0.9594456632708473,
            "f1-score": 0.9594629468066632,